<?xml version="1.0" encoding="UTF-8"?>
<MetaInformation>
	<Attribute id="Package:IconSet" value="package.iconset"/>
	<Attribute id="Package:ID" value="babylonwaves.studioone.artconductor"/>
	<Attribute id="PresetHandler:Location" value="/"/>
	<Attribute id="Package:Vendor" value="Babylonwaves"/>
	<Attribute id="Package:Description" value="Art Conductor 11"/>
	<Attribute id="Package:Copyright" value="(c) 2025 Babylonwaves"/>
	<Attribute id="Package:Website" value="www.babylonwaves.com"/>
	<Attribute id="Package:Version" value="11.8.0"/>
</MetaInformation>